city,is_churned
Abu Dhabi,0.8117223650385604
Alexandria,0.8081960706489383
Beirut,0.8075601374570447
Cairo,0.8106198263678579
Casablanca,0.8182554138838292
Doha,0.8112815437902029
Dubai,0.8091106290672451
Jeddah,0.8141806828482224
Riyadh,0.8073640333465661
Sfax,0.8101684717208183
