age_group,is_churned
<25,0.8152242082157416
25-35,0.8065427602662313
35-50,0.8070682932964407
50+,0.8129569156220373
